{"cameraMode":{"drawMode":0,"name":"Shaded","section":"Shading Mode"},"sceneLighting":true,"audioPlay":false,"sceneViewState":{"showFog":true,"showMaterialUpdate":false,"showSkybox":true,"showFlares":true,"showImageEffects":true,"showParticleSystems":true},"in2DMode":false,"pivot":{"x":-0.9491448998451233,"y":1.108742356300354,"z":-0.851635754108429},"rotation":{"x":-0.1640501171350479,"y":-0.2679539918899536,"z":0.04635799303650856,"w":-0.9482294917106628},"size":0.3571576476097107,"orthographic":false}