{"cameraMode":{"drawMode":0,"name":"Shaded","section":"Shading Mode"},"sceneLighting":true,"audioPlay":false,"sceneViewState":{"showFog":true,"showMaterialUpdate":false,"showSkybox":true,"showFlares":true,"showImageEffects":true,"showParticleSystems":true},"in2DMode":false,"pivot":{"x":-0.6795649528503418,"y":0.10218167304992676,"z":0.799433708190918},"rotation":{"x":-0.10635077208280564,"y":0.8698968291282654,"z":-0.21454782783985139,"w":-0.43120574951171877},"size":14.665051460266114,"orthographic":false}