{"cameraMode":{"drawMode":0,"name":"Shaded","section":"Shading Mode"},"sceneLighting":true,"audioPlay":false,"sceneViewState":{"showFog":true,"showMaterialUpdate":true,"showSkybox":true,"showFlares":true,"showImageEffects":true,"showParticleSystems":true},"in2DMode":false,"pivot":{"x":-1.109961986541748,"y":2.6463394165039064,"z":2.621932029724121},"rotation":{"x":-0.15902313590049745,"y":0.2536679208278656,"z":-0.04232015088200569,"w":-0.9531911611557007},"size":11.955872535705567,"orthographic":false}